City_ID,City,Country,Lat,Lng,Max Temp,Humidity,Cloudiness,Wind Speed,Current Description
0,Longonjo,AO,-12.9067,15.2533,58.51,59,1,2.84,clear sky
1,Hermanus,ZA,-34.4187,19.2345,59.81,54,56,8.5,broken clouds
2,Sobolevo,RU,54.4299,31.8996,46.67,96,32,8.03,scattered clouds
3,Busselton,AU,-33.65,115.3333,45.09,63,81,18.79,broken clouds
4,Dharchula,IN,29.85,80.5333,66.58,70,68,5.82,broken clouds
5,Leninskoye,KZ,41.7589,69.3864,67.78,60,65,5.28,broken clouds
6,Iqaluit,CA,63.7506,-68.5145,20.7,67,100,18.01,overcast clouds
7,Ufa,RU,54.775,56.0375,72.77,47,91,9.31,overcast clouds
8,Te Anau,NZ,-45.4167,167.7167,42.24,91,20,3.83,few clouds
9,Hilo,US,19.7297,-155.09,79.79,90,7,7.0,clear sky
10,Mataura,NZ,-46.1927,168.8643,49.48,93,12,1.07,few clouds
11,Alofi,NU,-19.0595,-169.9187,80.19,76,68,8.84,broken clouds
12,Bredasdorp,ZA,-34.5322,20.0403,60.28,48,70,6.31,broken clouds
13,Rikitea,PF,-23.1203,-134.9692,74.41,68,48,3.24,scattered clouds
14,Atuona,PF,-9.8,-139.0333,79.57,80,25,19.66,light rain
15,Nelson Bay,AU,-32.7167,152.15,59.0,95,70,3.96,broken clouds
16,Georgetown,MY,5.4112,100.3354,82.89,86,20,1.99,few clouds
17,Ushuaia,AR,-54.8,-68.3,38.7,97,100,8.68,light rain
18,New Norfolk,AU,-42.7826,147.0587,48.76,77,96,3.6,overcast clouds
19,Tuktoyaktuk,CA,69.4541,-133.0374,33.94,87,78,9.19,broken clouds
20,Luganville,VU,-15.5333,167.1667,77.72,75,100,8.03,overcast clouds
21,Gat,IL,31.61,34.7642,68.68,80,11,2.01,few clouds
22,Ola,RU,59.5833,151.2833,38.05,81,18,1.9,few clouds
23,Esperance,AU,-33.8667,121.9,50.76,79,88,25.77,overcast clouds
24,Vardo,NO,70.3705,31.1107,35.74,63,33,7.0,scattered clouds
25,Sabang,ID,5.8933,95.3214,84.15,75,100,16.53,overcast clouds
26,Egvekinot,RU,66.3167,-179.1667,31.12,95,100,3.8,overcast clouds
27,Puerto Ayora,EC,-0.7393,-90.3518,77.56,83,68,7.0,broken clouds
28,San Javier,ES,37.8063,-0.8374,60.13,90,100,3.0,moderate rain
29,Bathsheba,BB,13.2167,-59.5167,80.8,74,55,16.58,broken clouds
30,Brae,GB,60.3964,-1.353,46.31,75,100,11.07,overcast clouds
31,Kutum,SD,14.2,24.6667,76.8,16,4,13.15,clear sky
32,Saint-Pierre,RE,-21.3393,55.4781,71.24,94,75,5.75,moderate rain
33,Kohlu,PK,29.8962,69.252,73.08,44,0,2.8,clear sky
34,Port Elizabeth,ZA,-33.918,25.5701,52.09,71,40,3.44,scattered clouds
35,Punta Arenas,CL,-53.15,-70.9167,39.11,83,99,7.67,overcast clouds
36,Kruisfontein,ZA,-34.0033,24.7314,61.2,28,22,9.26,few clouds
37,Harrismith,ZA,-28.2728,29.1295,41.13,49,8,3.87,clear sky
38,Butaritari,KI,3.0707,172.7902,82.89,78,71,17.87,light rain
39,Severo-Kurilsk,RU,50.6789,156.125,45.9,64,39,8.32,scattered clouds
40,Nanortalik,GL,60.1432,-45.2371,37.26,66,100,6.22,overcast clouds
41,Bozeman,US,45.6796,-111.0386,51.22,85,90,6.62,overcast clouds
42,Bandarbeyla,SO,9.4942,50.8122,81.16,72,63,22.46,broken clouds
43,Port Alfred,ZA,-33.5906,26.891,65.41,38,83,9.75,broken clouds
44,Waynesville,US,35.4887,-82.9887,83.08,48,5,1.99,clear sky
45,Eureka,US,40.8021,-124.1637,73.67,62,10,5.99,clear sky
46,Yellowknife,CA,62.456,-114.3525,62.33,41,3,5.99,clear sky
47,Cariamanga,EC,-4.3333,-79.55,60.19,80,83,1.39,broken clouds
48,Flinders,AU,-34.5833,150.8552,61.81,96,98,1.01,overcast clouds
49,Comodoro Rivadavia,AR,-45.8667,-67.5,57.07,60,87,17.81,overcast clouds
50,Cherskiy,RU,68.75,161.3,43.25,53,11,5.88,few clouds
51,Longyearbyen,SJ,78.2186,15.6401,26.44,68,20,9.22,few clouds
52,Agadez,NE,19.75,10.25,89.02,9,0,6.62,clear sky
53,Dunedin,NZ,-45.8742,170.5036,48.79,64,89,8.99,overcast clouds
54,Castro,BR,-24.7911,-50.0119,52.34,56,2,7.16,clear sky
55,Nikolskoye,RU,59.7035,30.7861,51.78,97,66,9.33,light rain
56,Mandera,KE,3.9366,41.867,78.91,55,52,19.48,broken clouds
57,Dikson,RU,73.5069,80.5464,28.45,90,100,16.49,overcast clouds
58,Umm Kaddadah,SD,13.6017,26.6876,80.62,13,9,11.7,clear sky
59,Faya,SA,18.3851,42.4509,67.8,43,0,2.98,clear sky
60,Cabo San Lucas,MX,22.8909,-109.9124,89.82,54,14,6.24,few clouds
61,Taltal,CL,-25.4,-70.4833,61.61,71,35,1.3,scattered clouds
62,Sao Joao Da Barra,BR,-21.6403,-41.0511,75.6,83,100,11.18,overcast clouds
63,Cap Malheureux,MU,-19.9842,57.6142,69.48,83,38,1.99,moderate rain
64,Karabanovo,RU,56.3167,38.7,50.04,95,50,8.52,scattered clouds
65,Kampot,KH,10.6167,104.1833,80.47,81,100,12.1,moderate rain
66,Lida,BY,53.8833,25.2997,46.74,93,95,2.46,overcast clouds
67,Kashan,IR,33.9831,51.4364,76.19,37,72,3.15,broken clouds
68,Fort Nelson,CA,58.8053,-122.7002,67.59,26,75,4.61,broken clouds
69,Peterhead,GB,57.5058,-1.7981,48.11,89,100,21.83,light rain
70,Kajaani,FI,64.2273,27.7285,44.65,76,75,11.5,broken clouds
71,Karaton,ID,-6.3424,106.1045,79.95,95,34,1.21,scattered clouds
72,Udachnyy,RU,66.4167,112.4,41.23,64,38,8.93,scattered clouds
73,Rawson,AR,-43.3002,-65.1023,54.9,60,71,11.21,broken clouds
74,Vaini,TO,-21.2,-175.2,75.38,79,100,10.2,overcast clouds
75,Geraldton,AU,-28.7667,114.6,61.21,60,75,21.63,broken clouds
76,Carnarvon,AU,-24.8667,113.6333,59.07,100,75,3.44,broken clouds
77,Nemuro,JP,43.3236,145.575,44.31,95,100,3.53,overcast clouds
78,Hobart,AU,-42.8794,147.3294,49.12,89,75,5.99,broken clouds
79,Kapaa,US,22.0752,-159.319,81.12,68,58,4.0,broken clouds
80,Vila Franca Do Campo,PT,37.7167,-25.4333,59.41,75,38,4.14,scattered clouds
81,Phan Thiet,VN,10.9333,108.1,77.95,91,100,8.5,overcast clouds
82,Dawei,MM,14.0833,98.2,76.17,95,100,3.47,overcast clouds
83,Jvari,GE,42.7169,42.052,53.85,98,100,2.66,overcast clouds
84,Matagami,CA,49.7502,-77.6328,49.96,32,2,10.58,clear sky
85,Sulangan,PH,11.1373,123.7228,83.34,73,2,4.83,clear sky
86,Provideniya,RU,64.3833,-173.3,35.71,69,90,15.66,overcast clouds
87,Omboue,GA,-1.5746,9.2618,77.02,91,100,6.91,overcast clouds
88,Arraial Do Cabo,BR,-22.9661,-42.0278,75.54,76,100,7.34,overcast clouds
89,Marawi,PH,7.9986,124.2928,67.64,93,63,0.72,broken clouds
90,Wamba,NG,8.9333,8.6,75.42,83,76,1.95,broken clouds
91,Dohar,BD,23.5883,90.1469,87.78,70,100,9.6,overcast clouds
92,Northam,GB,51.0333,-4.2167,49.01,88,83,14.92,broken clouds
93,Petropavlovsk-Kamchatskiy,RU,53.0452,158.6483,45.19,87,75,2.75,broken clouds
94,Tiksi,RU,71.6872,128.8694,32.4,77,60,9.95,broken clouds
95,Joutseno,FI,61.118,28.5076,48.76,98,100,13.18,light rain
96,Mogocha,RU,53.7333,119.7667,35.53,91,100,7.09,light rain
97,Ketchikan,US,55.3422,-131.6461,52.27,82,90,4.61,light rain
98,Ribeira Grande,PT,38.5167,-28.7,60.82,63,97,4.56,overcast clouds
99,Cidreira,BR,-30.1811,-50.2056,58.1,69,42,27.04,scattered clouds
100,Saskylakh,RU,71.9167,114.0833,36.82,94,100,15.21,overcast clouds
101,Chokurdakh,RU,70.6333,147.9167,26.76,95,96,3.29,overcast clouds
102,Kavieng,PG,-2.5744,150.7967,81.14,81,100,9.86,overcast clouds
103,Bolshoye Selo,RU,57.7177,38.9334,51.96,92,99,10.04,overcast clouds
104,Tutoia,BR,-2.7619,-42.2744,80.2,79,59,6.35,broken clouds
105,Ancud,CL,-41.8697,-73.8203,58.53,92,83,11.21,broken clouds
106,Bluff,NZ,-46.6,168.3333,49.8,64,91,8.14,overcast clouds
107,Lavrentiya,RU,65.5833,-171.0,32.79,96,93,4.79,overcast clouds
108,Hasaki,JP,35.7333,140.8333,64.8,79,91,3.2,overcast clouds
109,Airai,TL,-8.9266,125.4092,55.62,71,51,2.42,broken clouds
110,Buchanan,LR,5.8808,-10.0467,80.82,81,31,4.97,scattered clouds
111,Jamestown,US,42.097,-79.2353,78.3,93,94,10.0,overcast clouds
112,Albany,US,42.6001,-73.9662,70.41,79,97,8.34,overcast clouds
113,Husavik,IS,66.0449,-17.3389,36.27,97,100,8.1,overcast clouds
114,Lorengau,PG,-2.0226,147.2712,81.86,79,51,6.08,broken clouds
115,Fairbanks,US,64.8378,-147.7164,53.04,48,82,0.72,broken clouds
116,Belyy Yar,RU,53.6039,91.3903,57.09,80,40,12.12,light rain
117,Aklavik,CA,68.2191,-135.0107,40.64,72,89,22.37,overcast clouds
118,Ponta Do Sol,PT,32.6667,-17.1,65.03,71,95,9.93,overcast clouds
119,Mahebourg,MU,-20.4081,57.7,69.26,79,76,12.55,light rain
120,Karlstad,SE,59.3793,13.5036,48.76,95,90,10.42,overcast clouds
121,Belawan,ID,3.7755,98.6832,77.29,91,96,4.23,overcast clouds
122,San Angelo,US,31.4638,-100.437,83.32,54,100,13.49,overcast clouds
123,Meulaboh,ID,4.1363,96.1285,76.98,88,99,4.94,overcast clouds
124,Kalush,UA,49.0119,24.3731,51.01,99,100,5.3,overcast clouds
125,Ghogha,IN,21.6833,72.2833,85.41,65,19,10.29,few clouds
126,Honiara,SB,-9.4333,159.95,76.82,90,100,8.03,overcast clouds
127,Lebu,CL,-37.6167,-73.65,53.15,78,100,2.26,overcast clouds
128,Fortuna,US,40.5982,-124.1573,78.19,59,1,1.99,clear sky
129,Tasiilaq,GL,65.6145,-37.6368,32.16,96,100,13.98,light snow
130,Diriomo,NI,11.8761,-86.0518,86.27,49,100,12.41,overcast clouds
131,Lebowakgomo,ZA,-24.2,29.5,48.07,85,11,4.68,few clouds
132,Pevek,RU,69.7008,170.3133,30.67,81,13,5.44,few clouds
133,Faanui,PF,-16.4833,-151.75,81.5,75,84,14.09,light rain
134,Bengkulu,ID,-3.8004,102.2655,75.56,89,94,3.69,overcast clouds
135,Myitkyina,MM,25.3833,97.4,73.98,97,30,2.1,scattered clouds
136,Inirida,CO,3.8653,-67.9239,78.08,94,100,2.24,moderate rain
137,Barcelos,PT,41.5388,-8.6151,57.85,91,94,6.67,overcast clouds
138,Kargat,RU,55.1956,80.2811,59.4,89,100,6.46,overcast clouds
139,Lana,IT,46.6124,11.1559,57.42,77,100,2.08,overcast clouds
140,Touros,BR,-5.1989,-35.4608,78.1,82,3,13.76,clear sky
141,Corvallis,US,44.5646,-123.262,63.55,75,100,1.99,overcast clouds
142,Olafsvik,IS,64.8945,-23.7142,40.87,76,42,14.85,scattered clouds
143,Bonfim,BR,3.0833,-59.95,83.1,73,68,6.98,broken clouds
144,Qaanaaq,GL,77.484,-69.3632,28.47,79,3,4.32,clear sky
145,Saint-Georges,GD,12.0564,-61.7485,80.19,78,59,15.39,broken clouds
146,Slave Lake,CA,55.2834,-114.769,68.4,40,76,3.56,broken clouds
147,Komsomolskiy,UZ,40.4272,71.7189,72.32,46,40,11.5,scattered clouds
148,Atar,MR,20.5169,-13.0499,91.26,19,2,0.34,clear sky
149,Kodiak,US,57.79,-152.4072,51.89,57,0,4.38,clear sky
150,Zhigansk,RU,66.7697,123.3711,41.99,45,5,8.23,clear sky
151,Saint-Philippe,RE,-21.3585,55.7679,71.15,79,94,13.76,light rain
152,Lere,NG,10.387,8.5726,72.46,82,97,3.49,overcast clouds
153,Beringovskiy,RU,63.05,179.3167,31.91,98,100,10.04,light snow
154,Ust-Kulom,RU,61.6864,53.6902,52.63,60,89,3.62,overcast clouds
155,Seymchan,RU,62.8833,152.4333,49.62,52,21,1.86,few clouds
156,Toul,FR,48.6667,5.9167,50.09,81,0,8.05,clear sky
157,San Patricio,US,28.017,-97.5169,86.09,67,96,10.31,overcast clouds
158,Khatanga,RU,71.9667,102.5,35.67,92,100,7.92,overcast clouds
159,Currais Novos,BR,-6.2608,-36.5178,74.46,74,36,13.58,scattered clouds
160,Serenje,ZM,-13.2325,30.2352,49.48,80,1,5.57,clear sky
161,Ladario,BR,-19.0047,-57.6017,66.49,48,0,6.91,clear sky
162,Itambe,BR,-15.245,-40.6244,71.51,52,23,1.05,few clouds
163,Bad Wildungen,DE,51.1196,9.1248,48.88,94,34,5.14,scattered clouds
164,Mount Gambier,AU,-37.8333,140.7667,59.0,56,100,12.55,overcast clouds
165,Andenes,NO,69.3143,16.1194,40.98,65,5,17.27,clear sky
166,Kanniyakumari,IN,8.0833,77.5667,81.09,83,100,16.91,overcast clouds
167,Cabra,ES,37.4725,-4.4421,62.65,47,49,4.99,scattered clouds
168,Tautira,PF,-17.7333,-149.15,84.22,77,63,8.23,broken clouds
169,Silvania,BR,-16.6589,-48.6081,75.29,54,96,3.44,overcast clouds
170,Kununurra,AU,-15.7667,128.7333,66.2,100,20,1.14,few clouds
171,Strelka,RU,58.0728,93.0344,54.77,99,100,7.36,moderate rain
172,Namatanai,PG,-3.6667,152.4333,78.42,88,100,1.1,overcast clouds
173,Salalah,OM,17.0151,54.0924,80.71,79,18,5.57,few clouds
174,Mahon,ES,39.8885,4.2658,57.76,94,0,12.66,clear sky
175,Muros,ES,42.7762,-9.0603,58.08,94,100,18.21,overcast clouds
176,Zaozerne,UA,45.1582,33.2787,56.95,81,49,5.14,scattered clouds
177,Malesici,BA,44.7381,18.2739,51.89,81,93,3.11,overcast clouds
178,Victoria,HK,22.2855,114.1577,85.32,83,42,3.0,scattered clouds
179,Grahamstown,ZA,-33.3042,26.5328,55.76,26,71,6.85,broken clouds
180,Praia,CV,14.9215,-23.5087,72.14,78,75,13.8,broken clouds
181,Olinda,BR,-8.0089,-34.8553,78.53,82,40,10.13,scattered clouds
182,Tazovskiy,RU,67.4667,78.7,38.28,94,72,7.38,broken clouds
183,Clyde River,CA,70.4692,-68.5914,21.43,93,90,14.97,overcast clouds
184,Xuddur,SO,4.1213,43.8894,70.52,76,67,16.06,broken clouds
185,Saint Anthony,US,45.0205,-93.218,79.3,76,1,4.0,clear sky
186,Morondava,MG,-20.2833,44.2833,69.33,78,0,12.62,clear sky
187,East London,ZA,-33.0153,27.9116,63.55,32,86,6.82,overcast clouds
188,Norman Wells,CA,65.282,-126.8329,44.55,90,100,10.42,light rain
189,Gamba,GA,-2.65,10.0,76.44,92,100,5.23,overcast clouds
190,San Policarpo,PH,12.1791,125.5072,81.66,78,29,2.86,scattered clouds
191,Villa Del Rosario,CO,7.8339,-72.4742,83.75,61,89,3.47,overcast clouds
192,Sibu,MY,2.3,111.8167,73.67,96,99,2.71,overcast clouds
193,Coquimbo,CL,-29.9533,-71.3436,61.7,66,67,5.37,broken clouds
194,Kaitangata,NZ,-46.2817,169.8464,47.93,80,73,3.36,broken clouds
195,Aljezur,PT,37.3191,-8.8033,57.65,69,0,15.68,clear sky
196,Ilulissat,GL,69.2167,-51.1,42.82,33,20,10.36,few clouds
197,Souillac,MU,-20.5167,57.5167,71.98,84,40,11.83,light rain
198,Henderson,US,36.0397,-114.9819,83.75,10,1,7.0,clear sky
199,Guerrero Negro,MX,27.9769,-114.0611,69.08,49,2,19.08,clear sky
200,Omsukchan,RU,62.5333,155.8,35.55,80,55,2.1,broken clouds
201,Katsuura,JP,35.1333,140.3,71.11,81,86,1.9,overcast clouds
202,Madhubani,IN,26.3667,86.0833,87.62,38,9,1.45,clear sky
203,Marzuq,YE,14.4,46.4667,78.98,16,27,5.73,scattered clouds
204,Pangody,RU,65.85,74.4859,49.95,73,74,21.9,broken clouds
205,Sola,VU,-13.8833,167.55,79.0,78,100,17.81,overcast clouds
206,Trairi,BR,-3.2778,-39.2689,78.91,81,87,9.69,overcast clouds
207,Aksu,CN,41.1231,80.2644,66.25,26,94,2.48,overcast clouds
208,Ambalavao,MG,-21.8333,46.9333,54.14,94,17,3.31,few clouds
209,Pundaguitan,PH,6.3711,126.1689,82.53,73,63,4.81,broken clouds
210,Palmer,US,42.1584,-72.3287,78.94,72,75,1.99,broken clouds
211,Kasama,ZM,-10.2129,31.1808,52.75,80,3,4.41,clear sky
212,Muisne,EC,0.6,-80.0333,77.54,83,69,8.59,broken clouds
213,Barrow,US,71.2906,-156.7887,32.02,86,90,18.41,overcast clouds
214,La Ronge,CA,55.1001,-105.2842,61.5,47,42,7.45,scattered clouds
215,Cockburn Town,TC,21.4612,-71.1419,78.35,77,4,20.94,clear sky
216,Neveklov,CZ,49.7537,14.5329,48.92,90,1,5.41,clear sky
217,Oudtshoorn,ZA,-33.5907,22.2014,73.76,24,37,8.99,scattered clouds
218,Birjand,IR,32.8663,59.2211,74.53,19,92,4.85,overcast clouds
219,Katobu,ID,-4.9408,122.5276,74.1,94,20,1.32,few clouds
220,Upernavik,GL,72.7868,-56.1549,29.97,86,15,9.28,few clouds
221,Mar Del Plata,AR,-38.0023,-57.5575,56.12,43,80,8.99,broken clouds
222,Rio Gallegos,AR,-51.6226,-69.2181,44.2,78,100,10.58,overcast clouds
223,Cape Town,ZA,-33.9258,18.4232,66.61,44,0,8.03,clear sky
224,Terra Santa,BR,-2.1042,-56.4869,79.68,79,79,3.42,broken clouds
225,Juneau,US,58.3019,-134.4197,50.05,94,99,0.38,overcast clouds
226,Neuquen,AR,-38.9516,-68.0591,56.52,41,41,5.1,scattered clouds
227,Hithadhoo,MV,-0.6,73.0833,83.84,72,98,12.01,overcast clouds
228,Nome,US,64.5011,-165.4064,43.16,68,93,5.37,overcast clouds
229,Dingle,PH,10.9995,122.6711,77.43,86,0,3.44,clear sky
230,Namibe,AO,-15.1961,12.1522,72.95,80,48,6.38,scattered clouds
231,Kosh-Agach,RU,50.0,88.6667,39.81,81,9,4.18,clear sky
232,Thompson,CA,55.7435,-97.8558,62.76,34,20,9.22,few clouds
233,Semey,KZ,50.4111,80.2275,67.06,44,1,4.83,clear sky
234,Sydney,AU,-33.8679,151.2073,59.31,96,20,6.91,few clouds
235,Sosnovo-Ozerskoye,RU,52.5249,111.5418,33.76,56,91,8.93,overcast clouds
236,Kuala Lipis,MY,4.1842,102.0468,72.88,92,36,0.69,scattered clouds
237,Marsh Harbour,BS,26.5412,-77.0636,74.17,58,95,12.75,overcast clouds
238,Turukhansk,RU,65.8167,87.9833,45.63,97,100,15.9,light rain
239,Sitka,US,57.0531,-135.33,49.75,72,92,3.09,light rain
240,Presidencia Roque Saenz Pena,AR,-26.7852,-60.4388,58.91,56,1,5.73,clear sky
241,Mirabad,AF,30.4362,61.8383,85.95,10,36,6.02,scattered clouds
242,Kattivakkam,IN,13.2167,80.3167,85.06,73,100,13.8,overcast clouds
243,Saalfeld,DE,50.65,11.3667,49.68,94,31,4.94,scattered clouds
244,Saldanha,ZA,-33.0117,17.9442,63.86,50,23,10.94,few clouds
245,Pascagoula,US,30.3658,-88.5561,87.57,65,1,8.59,clear sky
246,Half Moon Bay,US,37.4636,-122.4286,76.53,71,40,8.99,scattered clouds
247,Boa Vista,BR,2.8197,-60.6733,85.98,70,40,6.91,scattered clouds
248,Holalkere,IN,14.0333,76.1833,72.64,85,98,12.28,overcast clouds
249,Magomeni,TZ,-6.8,39.25,72.45,84,44,6.08,scattered clouds
250,Chuy,UY,-33.6971,-53.4616,53.65,89,100,24.63,overcast clouds
251,Vila Do Maio,CV,15.1333,-23.2167,72.39,84,1,15.7,clear sky
252,Oktyabrskoye,RU,43.0645,44.7417,60.94,92,77,4.9,light rain
253,Jati,PK,24.3539,68.2671,83.3,73,0,14.09,clear sky
254,Hamilton,US,39.1834,-84.5333,84.99,57,100,1.01,overcast clouds
255,Yarada,IN,17.65,83.2667,84.52,60,90,1.86,overcast clouds
256,Harper,LR,4.375,-7.7169,80.87,82,6,8.28,clear sky
257,Riyadh,SA,24.6877,46.7219,89.64,12,66,16.75,broken clouds
258,Saint George,US,37.1041,-113.5841,77.47,13,1,5.99,clear sky
259,Durango,MX,24.8333,-104.8333,69.42,46,94,9.44,overcast clouds
260,Puerto Carreno,CO,6.189,-67.4859,86.99,66,91,4.99,overcast clouds
261,Goure,NE,13.9835,10.2704,85.51,11,98,7.63,overcast clouds
262,Superior,US,46.7208,-92.1041,42.71,92,90,13.8,light rain
263,Vila Velha,BR,-20.3297,-40.2925,77.95,85,100,5.99,overcast clouds
264,Baft,IR,29.234,56.6057,65.55,36,56,3.58,broken clouds
265,Lagos,NG,6.5833,3.75,77.45,86,87,3.85,overcast clouds
266,Sesheke,ZM,-17.4759,24.2968,57.11,61,0,5.37,clear sky
267,Colac,AU,-38.3333,143.5833,55.08,78,100,6.35,overcast clouds
268,Ochamchira,GE,42.7121,41.4721,58.39,93,100,4.09,overcast clouds
269,Abu Kamal,SY,34.4506,40.9171,75.45,30,0,9.69,clear sky
270,Bangsund,NO,64.3968,11.3949,51.91,82,73,5.75,broken clouds
271,Muli,MV,2.9167,73.5667,83.95,76,100,16.24,light rain
272,Mount Isa,AU,-20.7333,139.5,56.97,67,1,0.0,clear sky
273,Tono,JP,39.3167,141.5333,55.47,96,99,5.08,overcast clouds
274,Lhokseumawe,ID,5.1801,97.1507,77.41,86,100,3.96,overcast clouds
275,Erzin,TR,36.9559,36.2,72.32,54,30,8.19,scattered clouds
276,Furth Im Wald,DE,49.3097,12.84,48.22,93,2,4.07,clear sky
277,Den Helder,NL,52.9599,4.7593,53.98,84,90,15.99,overcast clouds
278,Coari,BR,-4.085,-63.1414,81.72,77,87,2.57,overcast clouds
279,Hami,CN,42.8,93.45,62.78,19,0,4.99,clear sky
280,Kahului,US,20.8947,-156.47,84.22,72,40,20.71,scattered clouds
281,Le Port,RE,-20.9373,55.2919,71.56,71,25,3.65,scattered clouds
282,Nizhniy Odes,RU,63.6445,54.856,41.23,71,61,5.64,broken clouds
283,Artyom,AZ,40.4723,50.333,68.14,83,68,20.02,broken clouds
284,Pisco,PE,-13.7,-76.2167,67.01,72,70,5.19,broken clouds
285,Narsaq,GL,60.9167,-46.05,40.33,47,100,11.03,overcast clouds
286,Lebedinyy,RU,58.5167,125.5167,32.29,99,100,7.43,light snow
287,Tuatapere,NZ,-46.1333,167.6833,49.82,87,28,3.69,scattered clouds
288,Paamiut,GL,61.994,-49.6678,33.51,88,100,16.8,overcast clouds
289,Coihaique,CL,-45.5752,-72.0662,47.37,98,99,7.31,light rain
290,Lufilufi,WS,-13.8745,-171.5986,89.38,76,39,6.78,light rain
291,Hirara,JP,24.8,125.2833,80.87,94,20,12.66,few clouds
292,Edirne,TR,41.6772,26.556,65.8,84,2,4.27,clear sky
293,Vestmannaeyjar,IS,63.4427,-20.2734,44.08,77,36,7.45,scattered clouds
294,North Platte,US,41.1239,-100.7654,80.02,62,100,5.99,overcast clouds
295,Sovetskiy,RU,61.3614,63.5842,54.37,63,4,5.66,clear sky
296,General Roca,AR,-39.0333,-67.5833,56.39,44,24,8.79,few clouds
297,Iralaya,HN,15.0,-83.2333,84.29,78,100,13.8,overcast clouds
298,Shubarshi,KZ,48.5872,57.1869,70.65,29,6,6.49,clear sky
299,Caravelas,BR,-17.7125,-39.2481,76.12,86,73,9.95,broken clouds
300,Mangrol,IN,21.1167,70.1167,83.23,77,0,12.01,clear sky
301,Maloy,NO,61.9353,5.1136,50.05,87,96,4.7,overcast clouds
302,Ibra,OM,22.6906,58.5334,80.44,69,0,2.35,clear sky
303,Japura,ID,-0.3167,102.35,73.42,95,56,1.36,broken clouds
304,Okato,NZ,-39.2,173.8833,54.43,70,100,17.36,overcast clouds
305,Bethel,US,41.3712,-73.414,86.72,73,90,20.71,overcast clouds
306,Kavaratti,IN,10.5669,72.642,83.19,74,98,7.02,overcast clouds
307,Vao,NC,-22.6667,167.4833,72.18,54,43,16.67,scattered clouds
308,Turtas,RU,58.9417,69.1325,54.34,68,100,6.04,overcast clouds
309,Pokosnoye,RU,55.5258,101.0536,42.53,89,94,5.19,overcast clouds
310,Shenjiamen,CN,29.9576,122.298,64.65,92,100,16.26,light rain
311,Si Sa Ket,TH,14.8333,104.3333,77.86,85,100,3.49,overcast clouds
312,Porto Novo,BJ,6.4965,2.6036,80.11,77,89,4.94,overcast clouds
313,Leningradskiy,RU,69.3833,178.4167,31.57,87,69,0.56,broken clouds
314,Sorland,NO,67.667,12.6934,43.43,70,100,13.51,overcast clouds
315,Wapi Pathum,TH,15.8452,103.3768,86.32,62,71,8.23,moderate rain
316,Kichera,RU,55.9375,110.0997,40.86,58,74,3.69,broken clouds
317,Ivybridge,GB,50.3904,-3.9191,49.82,90,89,15.08,overcast clouds
318,Kjollefjord,NO,70.9457,27.3465,35.87,60,38,4.81,scattered clouds
319,Monrovia,LR,6.3005,-10.7969,81.28,80,52,6.82,broken clouds
320,Pauini,BR,-7.7136,-66.9764,77.29,95,68,2.08,broken clouds
321,Bambous Virieux,MU,-20.3428,57.7575,69.22,78,72,12.28,light rain
322,Mayor Pablo Lagerenza,PY,-19.9309,-60.7718,66.63,29,98,4.29,overcast clouds
323,Hovd,MN,48.0056,91.6419,49.78,52,0,2.64,clear sky
324,Takoradi,GH,4.8845,-1.7554,79.93,87,54,5.14,broken clouds
325,Binika,IN,21.0333,83.8,87.66,28,100,5.7,overcast clouds
326,Mufulira,ZM,-12.5498,28.2407,53.51,58,10,6.38,clear sky
327,Karratha,AU,-20.7377,116.8463,72.52,57,86,11.86,overcast clouds
328,Amol,IR,36.4696,52.3507,73.0,65,100,6.67,overcast clouds
329,Asau,RO,46.4333,26.4,58.28,93,70,6.24,broken clouds
330,Abalak,RU,58.1286,68.5944,56.39,75,98,5.64,overcast clouds
331,Lata,PT,40.1629,-8.3327,58.82,89,19,1.1,few clouds
332,Urumqi,CN,43.801,87.6005,59.95,38,0,0.85,clear sky
333,San-Pedro,CI,4.7485,-6.6363,80.71,87,11,5.39,few clouds
334,Aguilas,ES,37.4063,-1.5829,61.2,72,87,5.23,overcast clouds
335,Parana,AR,-31.732,-60.5238,57.54,73,28,7.31,scattered clouds
336,Nanga Eboko,CM,4.6833,12.3667,71.87,88,71,2.04,broken clouds
337,Santa Cruz,BO,-17.8,-63.1667,66.2,34,100,9.08,overcast clouds
338,Mao,ES,39.8885,4.2658,57.76,94,0,12.66,clear sky
339,Jumla,NP,29.2747,82.1838,52.2,91,1,3.09,clear sky
340,Jalu,LY,29.0331,21.5482,77.38,15,0,7.61,clear sky
341,Skoghall,SE,59.3232,13.4655,48.76,95,90,11.41,overcast clouds
342,Pita,GN,10.8333,-12.5833,82.49,63,68,2.08,broken clouds
343,Agogo,GH,6.8,-1.0819,73.58,80,40,3.51,scattered clouds
344,Ahipara,NZ,-35.1667,173.1667,58.71,68,96,16.11,overcast clouds
345,Pemberton,CA,50.3164,-122.8027,71.33,48,49,6.24,scattered clouds
346,Maceio,BR,-9.6658,-35.7353,74.64,79,0,7.9,clear sky
347,Ergani,TR,38.2653,39.7621,61.52,55,0,8.55,clear sky
348,Acapulco,MX,16.8634,-99.8901,88.92,51,18,10.85,few clouds
349,Port Hedland,AU,-20.3167,118.5667,62.65,72,12,8.05,few clouds
350,Bela Vista,BR,-22.1089,-56.5211,62.65,32,3,5.5,clear sky
351,Rongcheng,CN,30.634,117.8517,65.07,94,98,1.54,overcast clouds
352,Shimoda,JP,34.6667,138.95,72.16,73,81,1.21,broken clouds
353,Sao Filipe,CV,14.8961,-24.4956,73.81,75,1,12.21,clear sky
354,Port Macquarie,AU,-31.4333,152.9167,56.89,78,94,4.81,overcast clouds
355,Puerto Princesa,PH,9.7392,118.7353,78.57,86,13,2.73,few clouds
356,Miraflores,MX,19.2167,-98.8083,79.56,35,84,0.78,broken clouds
357,Tomatlan,MX,19.9333,-105.25,96.21,27,16,13.02,few clouds
358,Bichura,RU,50.5881,107.6022,36.18,72,86,4.97,overcast clouds
359,Ebolowa,CM,2.9,11.15,70.97,99,99,1.68,moderate rain
360,Lompoc,US,34.6391,-120.4579,74.7,60,1,4.0,clear sky
361,Codrington,AU,-38.2667,141.9667,54.18,68,100,11.74,overcast clouds
362,Korhogo,CI,9.45,-5.6333,79.16,64,85,5.75,overcast clouds
363,Rohnert Park,US,38.3396,-122.7011,84.11,47,1,8.01,clear sky
364,Sur,OM,22.5667,59.5289,85.55,65,0,14.54,clear sky
365,Avarua,CK,-21.2078,-159.775,80.65,83,75,12.66,broken clouds
366,Ekhabi,RU,53.5102,142.9671,35.02,94,100,13.87,overcast clouds
367,Aspros,GR,40.9,22.6309,68.85,74,2,1.36,clear sky
368,Fukue,JP,32.6881,128.8419,62.92,91,100,17.09,light rain
369,Werda,BW,-25.2667,23.2833,57.18,50,1,8.9,clear sky
370,Torbay,CA,47.6666,-52.7314,51.58,92,90,25.32,light rain
371,Marabba,SD,12.35,32.1833,92.64,11,1,6.35,clear sky
372,Port Hardy,CA,50.6996,-127.4199,54.21,73,95,8.95,overcast clouds
373,San Andres,CO,12.5847,-81.7006,86.02,74,75,16.11,broken clouds
374,Kargasok,RU,59.0556,80.8572,52.61,79,0,9.93,clear sky
375,Lamu,KE,-2.2717,40.902,78.84,77,14,19.51,few clouds
376,Pochutla,MX,15.7432,-96.4661,89.82,48,8,8.05,clear sky
377,Rocha,UY,-34.4833,-54.3333,55.09,90,100,25.03,overcast clouds
378,Abu Samrah,SY,35.3029,37.1841,63.28,60,16,11.77,few clouds
379,Floro,NO,61.5996,5.0328,50.23,87,75,5.75,broken clouds
380,Kloulklubed,PW,7.0419,134.2556,77.5,79,100,11.03,heavy intensity rain
381,Terney,RU,45.0503,136.6092,52.02,88,81,3.51,light rain
382,Mayo,US,38.8876,-76.5119,91.51,54,20,11.52,few clouds
383,Secunda,ZA,-26.55,29.1667,46.33,84,9,1.92,clear sky
384,Bubaque,GW,11.2833,-15.8333,78.84,76,99,17.63,overcast clouds
385,Novyy Urgal,RU,51.0736,132.5642,48.56,90,100,8.88,light rain
386,San Carlos De Bariloche,AR,-41.1456,-71.3082,41.32,95,100,8.1,overcast clouds
387,Lagoa,PT,39.05,-27.9833,60.76,65,36,8.05,scattered clouds
388,Belaya Gora,RU,68.5333,146.4167,40.84,74,73,6.91,broken clouds
389,Cambara,BR,-23.0464,-50.0736,60.87,55,31,5.91,scattered clouds
390,Igrim,RU,63.1906,64.4162,53.65,61,8,10.09,clear sky
391,Ilva Mica,RO,47.3167,24.6667,56.25,99,100,4.5,overcast clouds
392,Wanaka,NZ,-44.7,169.15,44.22,75,31,4.07,scattered clouds
393,Praya,CV,14.9215,-23.5087,72.14,78,75,13.8,broken clouds
394,Walvis Bay,NA,-22.9575,14.5053,76.08,33,0,6.15,clear sky
395,Luderitz,NA,-26.6481,15.1594,72.39,35,0,5.37,clear sky
396,Hailey,US,43.5196,-114.3153,53.46,53,90,3.44,overcast clouds
397,The Valley,AI,18.217,-63.0578,82.26,82,100,18.05,overcast clouds
398,Tancheng,CN,27.4375,115.4976,65.21,96,100,3.47,light rain
399,Sendafa,ET,9.15,39.0333,61.95,40,82,2.93,broken clouds
400,Hohhot,CN,40.8106,111.6522,47.73,28,83,3.11,broken clouds
401,Nouadhibou,MR,20.931,-17.0347,66.18,82,0,16.11,clear sky
402,Sechura,PE,-5.5569,-80.8222,73.22,68,91,13.35,overcast clouds
403,Srednekolymsk,RU,67.45,153.6833,51.24,40,46,9.13,scattered clouds
404,Hommelvik,NO,63.4108,10.7942,52.47,66,0,5.75,clear sky
405,Gravdal,NO,68.1214,13.5031,42.89,63,99,8.3,overcast clouds
406,Norfolk,US,42.1668,-71.2495,78.08,72,84,1.01,broken clouds
407,Ust-Kuyga,RU,70.0167,135.6,37.36,58,8,3.53,clear sky
408,Makubetsu,JP,45.3714,141.8211,48.2,85,67,8.16,broken clouds
409,Hay River,CA,60.8156,-115.7999,59.45,46,59,6.31,broken clouds
410,Tura,IN,25.5198,90.2201,78.55,70,16,4.03,few clouds
411,Bilibino,RU,68.0546,166.4372,32.83,81,10,2.15,clear sky
412,Santa Rosalia,MX,27.3167,-112.2833,77.04,35,7,8.5,clear sky
413,Iskele,TR,39.484,26.9278,62.62,55,0,6.91,clear sky
414,Langsa,ID,4.4683,97.9683,75.02,96,100,1.21,overcast clouds
415,Dergachi,RU,51.2328,48.7659,77.41,23,0,15.28,clear sky
416,Tavistock,GB,50.5494,-4.1442,49.62,94,83,1.99,broken clouds
417,Vibo Valentia,IT,38.6996,16.1274,71.64,54,100,1.79,overcast clouds
418,Christchurch,NZ,-43.5333,172.6333,52.0,90,40,5.01,scattered clouds
419,Bangarapet,IN,12.9667,78.2,72.59,75,100,11.52,overcast clouds
420,Jardim,BR,-21.4803,-56.1381,64.92,34,56,5.17,broken clouds
421,Rosarito,MX,32.3333,-117.0333,79.63,56,0,14.38,clear sky
422,Sembe,CG,1.6481,14.5806,71.06,97,96,2.55,overcast clouds
423,Berlevag,NO,70.8578,29.0864,35.08,70,26,3.33,scattered clouds
424,Aykhal,RU,66.0,111.5,38.88,66,32,10.69,scattered clouds
425,Charters Towers,AU,-20.1,146.2667,63.68,82,0,9.17,clear sky
426,Ust-Nera,RU,64.5667,143.2,38.98,90,98,2.39,overcast clouds
427,Dutlwe,BW,-23.9833,23.9,54.73,59,0,9.01,clear sky
428,Elat,IL,29.5581,34.9482,75.04,35,0,11.5,clear sky
429,Kaka,TM,37.3482,59.6143,76.51,16,1,0.83,clear sky
430,Bembereke,BJ,10.2283,2.6634,80.42,57,77,5.21,broken clouds
431,Laureles,US,26.1092,-97.4941,87.06,81,20,8.99,few clouds
432,Kendari,ID,-3.945,122.4989,75.09,93,95,3.38,overcast clouds
433,Luanda,AO,-8.8368,13.2343,78.8,89,20,8.05,few clouds
434,Paka,MY,4.6374,103.4368,77.61,89,62,3.98,broken clouds
435,Tamiahua,MX,21.2667,-97.45,85.42,60,3,12.82,clear sky
436,Kontagora,NG,10.3999,5.4695,74.71,84,100,5.88,overcast clouds
437,Mbini,GQ,1.574,9.6134,79.05,88,100,7.18,overcast clouds
438,Labuan,MY,5.2767,115.2417,77.16,74,100,3.42,overcast clouds
439,Sokoni,TZ,-6.4333,39.55,79.11,71,5,16.44,light rain
440,West Wendover,US,40.7391,-114.0733,47.41,71,40,0.0,scattered clouds
441,Tokur,RU,53.1333,132.9,31.86,98,100,5.32,snow
442,Malatya,TR,38.5,38.0,50.05,67,0,6.64,clear sky
443,Kirakira,SB,-10.4544,161.9205,76.71,92,100,6.04,overcast clouds
444,Bireun,ID,5.203,96.7009,77.34,75,96,4.68,overcast clouds
445,Teahupoo,PF,-17.8333,-149.2667,80.56,76,70,8.59,broken clouds
446,Naze,JP,28.3667,129.4833,74.32,91,74,15.48,broken clouds
447,Campbell River,CA,50.0163,-125.2446,64.26,53,42,1.01,scattered clouds
448,Tateyama,JP,34.9833,139.8667,71.02,79,95,4.5,overcast clouds
449,Vizianagaram,IN,18.1167,83.4167,83.71,54,100,3.2,overcast clouds
450,Matadi,CD,-5.8167,13.45,75.81,85,43,1.72,scattered clouds
451,Pedernales,DO,18.0384,-71.744,84.45,62,19,1.57,few clouds
452,San Pedro De Ycuamandiyu,PY,-24.0917,-57.0764,58.84,42,0,3.49,clear sky
453,High Prairie,CA,55.4334,-116.4858,71.17,39,79,4.41,broken clouds
454,Gigmoto,PH,13.7796,124.39,81.16,82,14,4.76,few clouds
455,Brownsville,US,25.9018,-97.4975,87.03,66,20,7.0,few clouds
456,Havre-Saint-Pierre,CA,50.2334,-63.5986,46.94,46,88,20.47,overcast clouds
457,Tumkur,IN,13.3422,77.1017,72.64,83,100,9.78,overcast clouds
458,Rovnoye,RU,50.7765,46.0509,65.3,91,69,9.66,broken clouds
459,La Rioja,ES,42.25,-2.5,48.04,79,21,8.05,few clouds
460,Praia Da Vitoria,PT,38.7333,-27.0667,60.76,68,57,5.08,broken clouds
461,Hofn,IS,64.2539,-15.2082,41.67,82,81,16.84,broken clouds
462,Mokrous,RU,51.2333,47.5167,70.43,49,25,7.7,scattered clouds
463,Coahuayana,MX,18.7333,-103.6833,96.28,44,13,7.61,few clouds
464,Waounde,SN,15.2637,-12.8682,94.28,14,2,9.66,clear sky
465,Samarkand,UZ,39.6542,66.9597,69.22,40,99,11.5,overcast clouds
466,Ulladulla,AU,-35.35,150.4667,56.08,88,91,1.52,overcast clouds
467,Pathankot,IN,32.2833,75.65,72.73,40,0,3.74,clear sky
468,Whyalla,AU,-33.0333,137.5833,65.32,48,100,20.96,overcast clouds
469,Goundam,ML,16.4145,-3.6708,94.24,20,44,5.99,scattered clouds
470,Padang,ID,-0.9492,100.3543,77.05,86,69,3.91,broken clouds
471,La Macarena,CO,2.1837,-73.7849,77.77,88,76,3.69,broken clouds
472,Savinka,RU,50.0785,47.0994,70.63,53,28,6.31,scattered clouds
473,Beni,CD,0.5,29.4667,62.1,99,90,1.99,moderate rain
474,Nalut,LY,30.3333,10.85,92.48,12,100,8.79,overcast clouds
475,Nuevo Progreso,MX,23.1667,-97.95,92.59,70,7,8.01,clear sky
476,Zhangjiakou,CN,40.81,114.8794,50.18,29,35,4.27,scattered clouds
477,Falmouth,GB,50.1544,-5.0711,49.59,100,29,1.99,scattered clouds
478,Nova Aurora,BR,-22.8667,-52.5667,58.26,48,13,8.52,few clouds
479,Goderich,CA,43.7501,-81.7165,63.21,78,100,10.87,overcast clouds
480,Payyannur,IN,12.1,75.2,78.24,87,100,3.13,overcast clouds
481,Namasuba,UG,0.6894,32.4214,62.22,90,96,2.86,overcast clouds
482,Mareeba,AU,-17.0,145.4333,67.44,95,91,3.65,overcast clouds
483,Pilar,BR,-9.5972,-35.9567,73.33,90,36,3.74,scattered clouds
484,Kingaroy,AU,-26.5333,151.8333,56.05,85,26,8.37,scattered clouds
485,Gasa,PS,31.5,34.4667,69.78,70,21,5.41,few clouds
486,Hailar,CN,49.2,119.7,37.35,70,93,17.81,overcast clouds
487,Whitianga,NZ,-36.8333,175.7,59.02,67,99,24.61,light rain
488,Stange,NO,60.718,11.1942,48.16,94,100,4.45,overcast clouds
489,Biak,ID,-0.9131,122.8766,75.58,86,84,8.16,broken clouds
490,Shitanjing,CN,39.2342,106.3439,51.94,17,0,20.42,clear sky
491,Miri,MY,4.4148,114.0089,77.0,94,40,4.9,scattered clouds
492,Palmeiras De Goias,BR,-16.805,-49.9258,70.21,87,100,6.73,moderate rain
493,Pacifica,US,37.6138,-122.4869,76.33,70,20,1.99,few clouds
494,Henties Bay,NA,-22.116,14.2845,75.85,43,0,3.38,clear sky
495,Nokaneng,BW,-19.6667,22.2667,57.69,47,0,7.18,clear sky
496,Butajira,ET,8.1167,38.3667,65.16,52,93,0.96,overcast clouds
497,Soure,BR,-0.7167,-48.5233,79.3,86,99,9.53,moderate rain
498,Lexington,US,37.9887,-84.4777,87.69,50,1,5.26,clear sky
499,Yulara,AU,-25.2406,130.9889,60.64,44,6,4.61,clear sky
500,Xichang,CN,27.8964,102.2634,60.78,86,97,3.67,overcast clouds
501,Berbera,SO,10.4396,45.0143,89.78,54,49,5.86,scattered clouds
502,Marivan,IR,35.5219,46.176,58.19,40,0,1.83,clear sky
503,Mehamn,NO,71.0357,27.8492,35.65,62,57,3.51,broken clouds
504,Bath,GB,51.3779,-2.3591,48.88,95,98,10.78,overcast clouds
505,San Jose,US,37.3394,-121.895,76.48,48,20,1.99,few clouds
506,Sorong,ID,-0.8833,131.25,78.87,87,98,10.4,overcast clouds
507,Vallenar,CL,-28.5708,-70.7581,66.2,28,100,2.66,overcast clouds
508,Ponta Delgada,PT,37.7333,-25.6667,59.72,72,20,6.91,few clouds
509,Mahibadhoo,MV,3.7833,72.9667,83.88,75,100,16.71,overcast clouds
510,Hobyo,SO,5.3505,48.5268,78.76,78,93,20.74,overcast clouds
511,Klaksvik,FO,62.2266,-6.589,43.72,77,95,5.99,overcast clouds
512,Nortelandia,BR,-14.4547,-56.8028,70.7,97,100,4.5,light rain
513,Zyryanka,RU,65.75,150.85,48.36,59,9,8.95,clear sky
514,Talara,PE,-4.5772,-81.2719,68.49,86,50,12.59,scattered clouds
515,San Cristobal,VE,7.7669,-72.225,78.98,65,98,3.78,overcast clouds
516,Itupiranga,BR,-5.1347,-49.3267,84.52,81,45,3.2,scattered clouds
517,Kholodnyy,RU,62.7167,147.95,43.39,56,35,2.42,scattered clouds
518,Samarai,PG,-10.6167,150.6667,79.72,71,100,18.19,overcast clouds
519,Loandjili,CG,-4.7561,11.8578,77.31,86,27,2.24,scattered clouds
520,Sisimiut,GL,66.9395,-53.6735,35.87,59,98,2.95,overcast clouds
521,Bereda,ES,43.2686,-7.5406,54.0,92,99,8.66,overcast clouds
522,Arlit,NE,18.7369,7.3853,92.5,7,1,8.81,clear sky
523,Newport,GB,51.5877,-2.9984,48.85,87,97,16.11,overcast clouds
524,Riberalta,BO,-10.9833,-66.1,75.4,96,92,4.14,overcast clouds
525,Kuhdasht,IR,33.535,47.6061,65.41,40,0,2.86,clear sky
526,Paita,PE,-5.0892,-81.1144,69.98,80,58,16.6,broken clouds
527,Clarksburg,US,39.2807,-80.3445,87.91,75,75,6.53,broken clouds
528,Krasnoselkup,RU,65.7,82.4667,43.14,86,99,11.07,overcast clouds
529,Tahe,CN,52.3333,124.7333,42.8,93,90,1.66,overcast clouds
530,Luwuk,ID,-0.9516,122.7875,76.17,89,87,5.91,overcast clouds
531,Qaqortoq,GL,60.7167,-46.0333,43.3,51,100,7.31,overcast clouds
532,Dzheyrakh,RU,42.8228,44.6756,54.79,79,86,6.35,overcast clouds
533,Mannarakkat,IN,10.9833,76.4667,80.26,94,100,2.75,overcast clouds
534,Panaba,MX,21.2833,-88.2667,85.68,56,99,10.67,overcast clouds
535,Malinovoye Ozero,RU,51.6753,79.7825,67.53,34,77,6.98,broken clouds
536,Guangyuan,CN,32.442,105.823,63.5,65,100,2.19,overcast clouds
537,Thinadhoo,MV,0.5333,72.9333,82.94,75,97,12.84,overcast clouds
538,Tarko-Sale,RU,64.9225,77.785,48.99,92,89,5.99,overcast clouds
539,Porvoo,FI,60.3923,25.6651,50.56,95,100,8.86,overcast clouds
540,Vylkove,UA,45.4021,29.586,61.63,77,18,11.65,few clouds
541,San Carlos,VE,9.6612,-68.5827,82.18,76,100,1.3,overcast clouds
542,Constitucion,CL,-35.3333,-72.4167,55.08,76,48,11.77,scattered clouds
543,Houston,US,29.7633,-95.3633,75.92,94,90,4.0,overcast clouds
544,Senador Guiomard,BR,-10.1522,-67.7392,83.95,89,65,2.98,broken clouds
545,Wad Madani,SD,14.4012,33.5199,91.11,12,0,10.98,clear sky
546,Pailon,BO,-17.65,-62.75,66.88,31,100,8.12,overcast clouds
547,Beyneu,KZ,45.3167,55.2,78.6,24,0,10.02,clear sky
548,Saint-Paul,RE,-21.0096,55.2707,71.69,74,33,5.03,scattered clouds
549,Lasa,IT,46.6166,10.7002,48.36,93,100,3.24,overcast clouds
550,Warrnambool,AU,-38.3833,142.4833,53.82,65,100,16.87,overcast clouds
551,La Sarre,CA,48.8002,-79.1996,49.32,43,0,10.13,clear sky
552,Komyshnya,UA,50.1859,33.684,53.44,79,76,1.14,broken clouds
553,Taoudenni,ML,22.6783,-3.9836,101.03,15,6,9.33,clear sky
554,Catalao,BR,-18.1658,-47.9464,69.91,74,100,3.98,light rain
555,Antofagasta,CL,-23.65,-70.4,61.66,80,98,4.09,overcast clouds
556,Hervey Bay,AU,-25.2986,152.8535,68.04,88,4,3.0,clear sky
557,Mozarlandia,BR,-14.7447,-50.5706,81.55,46,97,2.98,overcast clouds
558,Scarborough,GB,54.2797,-0.4044,49.53,88,100,3.0,moderate rain
559,Melaka,MY,2.196,102.2405,78.85,82,99,4.56,overcast clouds
560,Auki,SB,-8.7676,160.7034,76.86,91,100,6.82,light rain
561,Hambantota,LK,6.1241,81.1185,80.94,82,75,18.39,broken clouds
562,Mnogovershinnyy,RU,53.9353,139.9242,34.03,95,89,7.74,overcast clouds
563,Saurimo,AO,-9.6608,20.3916,60.19,52,5,4.92,clear sky
564,Broome,US,42.2506,-75.833,66.04,86,100,5.01,overcast clouds
565,Narayangarh,IN,30.4833,77.1333,76.89,45,29,5.35,scattered clouds
566,Nampula,MZ,-15.1165,39.2666,59.99,98,6,4.61,clear sky
567,Axim,GH,4.8699,-2.2405,79.77,86,43,3.62,scattered clouds
568,Kudahuvadhoo,MV,2.6708,72.8944,83.66,75,100,15.73,overcast clouds
569,Casino,AU,-28.8667,153.05,58.57,91,95,3.74,overcast clouds
570,Mercedes,AR,-34.6515,-59.4307,55.63,81,34,12.28,scattered clouds
571,Qingdao,CN,36.0986,120.3719,60.76,68,85,4.5,overcast clouds
572,Plettenberg Bay,ZA,-34.0527,23.3716,67.87,35,54,8.61,broken clouds
573,Oum Hadjer,TD,13.2954,19.6966,88.09,12,1,10.94,clear sky
574,Adrar,MR,20.5022,-10.0711,92.66,19,19,13.22,few clouds
575,Lisakovsk,KZ,52.5369,62.4936,72.79,33,18,7.52,few clouds
576,Isangel,VU,-19.55,169.2667,74.98,61,65,9.98,broken clouds
577,Chapais,CA,49.7834,-74.8492,49.84,30,0,12.19,clear sky
578,Grindavik,IS,63.8424,-22.4338,48.67,73,75,6.04,broken clouds
579,Ratnagiri,IN,16.9833,73.3,82.98,78,38,6.58,scattered clouds
580,El Bagre,CO,7.5927,-74.8086,82.94,84,99,3.62,overcast clouds
581,Grand Gaube,MU,-20.0064,57.6608,69.39,83,40,1.99,moderate rain
582,El Tigre,VE,8.8875,-64.2454,84.63,59,100,12.48,overcast clouds
583,San Borja,BO,-14.8167,-66.85,66.88,73,100,7.47,moderate rain
584,Sal Rei,CV,16.1833,-22.9167,73.96,86,15,15.21,few clouds
585,Humberto De Campos,BR,-2.5983,-43.4611,78.12,82,57,4.9,broken clouds
586,Mazatlan,MX,23.2167,-106.4167,85.96,65,1,5.01,clear sky
587,Bilma,NE,18.6853,12.9164,88.27,10,0,2.08,clear sky
588,Sao Geraldo Do Araguaia,BR,-6.4006,-48.555,79.83,80,78,0.98,broken clouds
589,Alice Springs,AU,-23.7,133.8833,45.95,42,0,9.19,clear sky
590,Kilindoni,TZ,-7.9139,39.6668,79.93,67,33,17.54,scattered clouds
591,Pak Phanang,TH,8.3511,100.202,80.02,74,100,3.4,overcast clouds
592,Abu Dhabi,AE,24.4667,54.3667,89.71,56,0,5.28,clear sky
593,Sungaipenuh,ID,-2.0833,101.3833,64.08,97,100,2.71,overcast clouds
594,San Quintin,MX,30.4833,-115.95,66.72,58,0,18.97,clear sky
595,Hazro,PK,33.9091,72.4921,76.28,51,68,2.13,broken clouds
596,Port Blair,IN,11.6667,92.75,81.93,84,100,25.9,overcast clouds
597,West Bend,US,43.4253,-88.1834,63.66,95,90,1.99,moderate rain
598,Degollado,MX,20.467,-102.1498,89.02,13,0,6.55,clear sky
599,Mumford,GH,5.2618,-0.759,79.75,87,76,5.46,broken clouds
600,Richards Bay,ZA,-28.783,32.0377,62.65,81,2,8.52,clear sky
601,Hvolsvollur,IS,63.7533,-20.2243,41.81,80,87,4.59,overcast clouds
602,Ugoofaaru,MV,5.6667,73.0,83.84,77,97,19.01,overcast clouds
603,Poso,ID,-1.3959,120.7524,77.07,88,72,6.64,broken clouds
604,Astana,KZ,51.1801,71.446,60.75,38,0,6.89,clear sky
605,Pagudpud,PH,18.5616,120.7868,80.65,81,1,3.69,clear sky
606,Aracaju,BR,-10.9111,-37.0717,78.75,73,20,5.75,few clouds
607,Port Lincoln,AU,-34.7333,135.8667,66.87,44,100,23.06,overcast clouds
608,Mocoa,CO,1.1493,-76.6466,77.5,94,80,2.04,broken clouds
609,Tres Arroyos,AR,-38.3739,-60.2798,51.17,85,36,9.8,scattered clouds
610,Maksatikha,RU,57.797,35.8825,48.65,82,37,13.06,scattered clouds
611,Asgabat,TM,37.95,58.3833,73.26,21,0,4.61,clear sky
612,Lokosovo,RU,61.1333,74.8167,56.35,55,30,13.33,scattered clouds
613,Gundlupet,IN,11.8,76.6833,69.69,91,81,6.11,broken clouds
614,Gimli,CA,50.6336,-96.9907,57.06,77,100,9.64,overcast clouds
615,Vostok,RU,46.4856,135.8833,57.18,59,100,3.83,overcast clouds
616,Cap-Aux-Meules,CA,47.3821,-61.8597,42.85,87,75,27.63,broken clouds
617,Myrtle Beach,US,33.6891,-78.8867,93.34,60,22,3.0,few clouds
618,Avera,US,33.194,-82.5271,91.71,39,8,5.95,clear sky
619,Dauriya,RU,49.9333,116.8667,37.29,67,88,18.34,overcast clouds
620,Bagdarin,RU,54.4333,113.6,37.81,43,81,12.75,broken clouds
621,Shache,CN,38.4167,77.2406,66.65,16,100,4.72,overcast clouds
622,Pionerskiy,RU,54.9508,20.2275,44.44,79,56,13.04,broken clouds
623,Alyangula,AU,-13.8483,136.4192,76.28,77,93,9.51,overcast clouds
624,White Rock,CA,49.0164,-122.8026,63.25,80,99,1.99,overcast clouds
625,Kalmunai,LK,7.4167,81.8167,79.57,82,86,4.88,overcast clouds
626,Laguna,US,38.421,-121.4238,81.45,33,1,3.0,clear sky
627,Korla,CN,41.7597,86.1469,66.52,25,41,11.77,scattered clouds
628,Otaki,NZ,-40.7583,175.15,54.0,78,99,5.01,overcast clouds
629,Seguela,CI,7.9611,-6.6731,78.82,69,67,6.82,broken clouds
630,Port Hawkesbury,CA,45.6169,-61.3485,50.88,95,90,8.01,moderate rain
631,Potanino,RU,55.1786,61.6222,62.83,91,0,5.1,clear sky
632,Alta Floresta,BR,-9.8756,-56.0861,85.82,66,0,2.3,clear sky
633,Kalga,RU,50.9251,118.898,35.64,88,100,13.06,overcast clouds
634,Pachino,IT,36.7186,15.0907,62.64,75,4,2.55,clear sky
635,Port-Gentil,GA,-0.7193,8.7815,79.59,84,100,13.11,overcast clouds
636,Duvan,RU,55.695,57.9024,61.27,91,68,3.89,broken clouds
637,Imaculada,BR,-7.3897,-37.5092,69.12,49,5,5.21,clear sky
638,Fevik,NO,58.3794,8.6766,47.97,90,100,11.36,overcast clouds
639,Comoapan,MX,18.4167,-95.1667,86.2,54,68,6.96,broken clouds
640,Salamiyah,SY,35.0113,37.0532,60.76,61,3,8.05,clear sky
641,Vestmanna,FO,62.1564,-7.1664,41.92,81,97,7.56,overcast clouds
642,Knysna,ZA,-34.0363,23.0471,77.38,36,54,7.25,broken clouds
643,Zhezkazgan,KZ,47.8043,67.7144,67.89,33,1,13.76,clear sky
644,Moriyama,JP,35.0667,135.9833,72.59,89,92,1.99,overcast clouds
645,Upata,VE,8.0086,-62.3989,80.98,65,100,8.46,overcast clouds
646,Staraya Mayna,RU,54.6,48.95,57.27,99,100,5.55,overcast clouds
647,Berezyne,UA,46.2294,29.2022,61.68,66,8,14.27,clear sky
648,Goldap,PL,54.3063,22.3036,44.01,93,76,1.32,broken clouds
649,Malanje,AO,-9.5402,16.341,62.67,57,100,3.31,overcast clouds
650,Banda Aceh,ID,5.5577,95.3222,81.23,81,100,10.51,overcast clouds
651,Dolores,AR,-36.3132,-57.6792,53.2,74,92,15.66,overcast clouds
652,Key West,US,24.5557,-81.7826,82.0,72,86,20.27,overcast clouds
653,Muscat,OM,23.6139,58.5922,104.02,50,0,5.37,clear sky
654,Shelburne,CA,44.0787,-80.2041,67.68,48,99,9.75,overcast clouds
655,Ostrovnoy,RU,68.0531,39.5131,33.1,66,7,2.75,clear sky
656,Presidente Epitacio,BR,-21.7633,-52.1156,60.96,53,93,4.72,overcast clouds
657,Razole,IN,16.4833,81.8333,83.86,82,100,6.53,overcast clouds
658,Talnakh,RU,69.4865,88.3972,33.91,100,100,7.43,light rain
659,Wangkui,CN,46.8333,126.5,51.64,47,1,16.2,clear sky
660,Pacific Grove,US,36.6177,-121.9166,75.15,79,1,4.0,clear sky
661,Krasne,UA,49.9145,24.6134,52.2,97,100,9.46,light rain
662,Martapura,ID,-3.4167,114.85,77.09,97,90,1.45,overcast clouds
663,Terrace,CA,54.5163,-128.6035,64.42,52,81,3.51,broken clouds
664,Konanur,IN,12.6264,76.0542,68.68,91,95,6.35,overcast clouds
665,Poum,NC,-20.2333,164.0167,74.03,63,29,16.33,scattered clouds
666,Riviere-Au-Renard,CA,48.9957,-64.3971,46.72,58,84,23.85,broken clouds
667,Flagstaff,US,35.1981,-111.6513,67.32,9,1,1.99,clear sky
668,Aitape,PG,-3.1374,142.3475,79.32,85,100,3.44,light rain
669,Amapa,BR,1.0,-52.0,74.12,98,100,2.68,overcast clouds
670,Enumclaw,US,47.2043,-121.9915,61.65,79,100,10.0,overcast clouds
671,Ishigaki,JP,24.3448,124.1572,82.65,84,63,13.73,broken clouds
672,San Luis,AR,-33.295,-66.3356,49.5,43,0,7.31,clear sky
673,Chicama,PE,-7.8447,-79.1469,70.68,72,48,7.43,scattered clouds
674,Monroe,US,43.1501,-77.6831,65.91,65,90,10.36,overcast clouds
675,Koppang,NO,61.5706,11.0555,43.57,95,100,5.23,overcast clouds
676,Pangai,TO,-19.8,-174.35,77.97,82,95,6.24,overcast clouds
677,Moyale,KE,3.5167,39.0584,69.76,64,94,11.34,overcast clouds
678,Outjo,NA,-20.1167,16.15,59.94,42,0,9.17,clear sky
679,Sept-Iles,CA,50.2001,-66.3821,51.26,38,100,10.0,overcast clouds
680,Kasempa,ZM,-13.4584,25.8338,57.36,57,3,7.72,clear sky
681,Bassila,BJ,9.0081,1.6654,77.59,73,34,2.48,light rain
682,Standerton,ZA,-26.9337,29.2415,46.62,40,2,1.88,clear sky
683,Poya,NC,-21.35,165.15,71.44,66,50,8.14,scattered clouds
684,Melfi,IT,40.9965,15.6514,62.4,61,17,3.6,few clouds
685,Jinchang,CN,38.4953,102.1739,51.44,24,3,4.9,clear sky
686,Mogadouro,PT,41.3403,-6.7119,47.79,66,12,6.49,few clouds
687,Amahai,ID,-3.3333,128.9167,77.97,90,100,6.53,light rain
